ticker,issuer_cik,accession_number,filing_date,period_of_report,reporting_owner_name,reporting_owner_cik,officer_title,director,ten_percent_owner,security_title,transaction_date,transaction_code,transaction_code_description,transaction_classification,is_open_market_purchase,is_open_market_sale,is_derivative,shares,price_per_share,transaction_value,shares_owned_following,ownership_nature_direct_or_indirect,ownership_nature_explanation
MAIA,0001878313,0001878313-26-000062,2026-06-02,2026-06-01,Vitoc Vlad,0001913257,Chief Executive Officer,True,True,Common Stock,2026-06-01,P,Open-market purchase,OPEN_MARKET_PURCHASE,True,False,False,72700.0,1.3877,100885.79,976121.0,D,
MAIA,0001878313,0001878313-26-000061,2026-06-02,2026-06-01,Smith Stan,0001913199,,True,False,Common Stock,2026-06-01,P,Open-market purchase,OPEN_MARKET_PURCHASE,True,False,False,75000.0,1.336,100200.0,1519178.0,I,See Footnote
MAIA,0001878313,0001878313-26-000060,2026-06-02,2026-06-01,Gryaznov Sergei,0001913228,Chief Scientific Officer,False,False,Common Stock,2026-06-01,P,Open-market purchase,OPEN_MARKET_PURCHASE,True,False,False,2000.0,1.345,2690.0,46511.0,D,
MAIA,0001878313,0001878313-26-000021,2026-01-12,2022-09-19,Smith Stan,0001913199,,True,False,Common Stock,2022-09-19,P,Open-market purchase,OPEN_MARKET_PURCHASE,True,False,False,2700.0,3.6884,9958.68,1424178.0,I,See Footnote
MAIA,0001878313,0001878313-26-000021,2026-01-12,2022-09-19,Smith Stan,0001913199,,True,False,Common Stock,2024-05-01,G,Gift,GIFT,False,False,False,20000.0,0.0,0.0,1444178.0,I,See Footnote
MAIA,0001878313,0001878313-25-000073,2025-12-23,2025-12-22,Smith Stan,0001913199,,True,False,Common Stock,2025-12-22,P,Open-market purchase,OPEN_MARKET_PURCHASE,True,False,False,57189.0,1.224,69999.336,1421478.0,I,See Footnote
MAIA,0001878313,0001878313-25-000071,2025-12-23,2025-12-22,CHAOUKI STEVEN M,0001776865,,True,False,Common Stock,2025-12-22,P,Open-market purchase,OPEN_MARKET_PURCHASE,True,False,False,40849.0,1.224,49999.176,151873.0,D,
MAIA,0001878313,0001878313-25-000069,2025-12-23,2025-12-22,Louie Ngar Yee,0001913264,,True,False,Common Stock,2025-12-22,P,Open-market purchase,OPEN_MARKET_PURCHASE,True,False,False,81699.0,1.224,99999.576,1248888.0,D,
MAIA,0001878313,0001878313-25-000063,2025-12-09,2025-12-05,Smith Stan,0001913199,,True,False,Common Stock,2025-12-05,P,Open-market purchase,OPEN_MARKET_PURCHASE,True,False,False,4580.0,1.1997,5494.626,4580.0,I,See footnote
MAIA,0001878313,0001878313-25-000063,2025-12-09,2025-12-05,Smith Stan,0001913199,,True,False,Common Stock,2025-12-05,P,Open-market purchase,OPEN_MARKET_PURCHASE,True,False,False,4580.0,1.19,5450.2,4580.0,I,See footnote
MAIA,0001878313,0001878313-25-000063,2025-12-09,2025-12-05,Smith Stan,0001913199,,True,False,Common Stock,2025-12-05,P,Open-market purchase,OPEN_MARKET_PURCHASE,True,False,False,4580.0,1.2,5496.0,4580.0,I,See footnote
MAIA,0001878313,0001878313-25-000060,2025-12-04,2025-11-25,Vitoc Vlad,0001913257,Chief Executive Officer,True,True,Common Stock,2025-11-25,P,Open-market purchase,OPEN_MARKET_PURCHASE,True,False,False,10500.0,0.9661,10144.05,831421.0,D,
MAIA,0001878313,0001878313-25-000059,2025-12-04,2025-11-26,Vitoc Vlad,0001913257,Chief Executive Officer,True,True,Common Stock,2025-11-26,P,Open-market purchase,OPEN_MARKET_PURCHASE,True,False,False,22000.0,1.0463,23018.6,853421.0,D,
MAIA,0001878313,0001878313-25-000059,2025-12-04,2025-11-26,Vitoc Vlad,0001913257,Chief Executive Officer,True,True,Common Stock,2025-11-28,P,Open-market purchase,OPEN_MARKET_PURCHASE,True,False,False,50000.0,1.1366,56830.0,903421.0,D,
MAIA,0001878313,0001878313-25-000056,2025-12-01,2025-11-26,Vitoc Vlad,0001913257,Chief Executive Officer,True,True,Common Stock,2025-11-28,P,Open-market purchase,OPEN_MARKET_PURCHASE,True,False,False,50000.0,1.1366,56830.0,881421.0,D,
MAIA,0001878313,0001878313-25-000056,2025-12-01,2025-11-26,Vitoc Vlad,0001913257,Chief Executive Officer,True,True,Common Stock,2025-11-26,P,Open-market purchase,OPEN_MARKET_PURCHASE,True,False,False,22000.0,1.0463,23018.6,853421.0,D,
MAIA,0001878313,0001878313-25-000054,2025-12-01,2025-11-26,Luput Cristian,0001913350,,True,False,Common Stock,2025-11-26,P,Open-market purchase,OPEN_MARKET_PURCHASE,True,False,False,20000.0,1.0808,21616.0,419483.0,D,
MAIA,0001878313,0001878313-25-000054,2025-12-01,2025-11-26,Luput Cristian,0001913350,,True,False,Common Stock,2025-11-28,P,Open-market purchase,OPEN_MARKET_PURCHASE,True,False,False,18145.0,1.1149,20229.8605,437628.0,D,
MAIA,0001878313,0001878313-25-000052,2025-12-01,2025-11-26,Smith Stan,0001913199,,True,False,Common Stock,2025-11-26,P,Open-market purchase,OPEN_MARKET_PURCHASE,True,False,False,15000.0,1.0388,15582.0,1364289.0,I,See Footnote
MAIA,0001878313,0001878313-25-000050,2025-11-28,2025-11-25,Luput Cristian,0001913350,,True,False,Common Stock,2025-11-25,P,Open-market purchase,OPEN_MARKET_PURCHASE,True,False,False,10000.0,0.9785,9785.0,399483.0,D,
MAIA,0001878313,0001878313-25-000047,2025-11-28,2025-11-25,Vitoc Vlad,0001913257,Chief Executive Officer,True,True,Common Stock,2025-11-25,P,Open-market purchase,OPEN_MARKET_PURCHASE,True,False,False,10500.0,0.9661,10144.05,831421.0,D,
MAIA,0001878313,0001878313-25-000045,2025-11-26,2025-11-24,Smith Stan,0001913199,,True,False,Common Stock,2025-11-24,P,Open-market purchase,OPEN_MARKET_PURCHASE,True,False,False,10000.0,0.99,9900.0,1334289.0,I,See Footnote
MAIA,0001878313,0001878313-25-000045,2025-11-26,2025-11-24,Smith Stan,0001913199,,True,False,Common Stock,2025-11-25,P,Open-market purchase,OPEN_MARKET_PURCHASE,True,False,False,15000.0,0.98,14700.0,1349289.0,I,See Footnote
MAIA,0001878313,0001878313-25-000040,2025-11-25,2025-11-21,Vitoc Vlad,0001913257,Chief Executive Officer,True,True,Common Stock,2025-11-21,P,Open-market purchase,OPEN_MARKET_PURCHASE,True,False,False,1800.0,0.92,1656.0,810921.0,D,
MAIA,0001878313,0001878313-25-000040,2025-11-25,2025-11-21,Vitoc Vlad,0001913257,Chief Executive Officer,True,True,Common Stock,2025-11-24,P,Open-market purchase,OPEN_MARKET_PURCHASE,True,False,False,10000.0,0.9891,9891.0,820921.0,D,
MAIA,0001878313,0001878313-25-000019,2025-10-02,2025-10-01,Smith Stan,0001913199,,True,False,Common Stock,2025-10-01,P,Open-market purchase,OPEN_MARKET_PURCHASE,True,False,False,19230.0,1.3,24999.0,1324289.0,I,See Footnote
MAIA,0001878313,0001127602-25-016869,2025-06-05,2025-06-03,Smith Stan,0001913199,,True,False,Common Stock,2025-06-03,P,Open-market purchase,OPEN_MARKET_PURCHASE,True,False,False,33333.0,1.5,49999.5,1305059.0,I,See Footnote
MAIA,0001878313,0001127602-25-013965,2025-05-12,2025-05-08,Guerrero Ramiro,0001913253,,True,False,Common Stock,2025-05-08,P,Open-market purchase,OPEN_MARKET_PURCHASE,True,False,False,20000.0,1.5,30000.0,588218.0,D,
MAIA,0001878313,0001127602-25-013963,2025-05-12,2025-05-08,Smith Stan,0001913199,,True,False,Common Stock,2025-05-08,P,Open-market purchase,OPEN_MARKET_PURCHASE,True,False,False,66666.0,1.5,99999.0,1271726.0,I,See Footnote
MAIA,0001878313,0001127602-25-008330,2025-03-05,2025-03-03,Guerrero Ramiro,0001913253,,True,False,Common Stock,2025-03-03,P,Open-market purchase,OPEN_MARKET_PURCHASE,True,False,False,33333.0,1.5,49999.5,568218.0,D,
MAIA,0001878313,0001127602-25-008327,2025-03-05,2025-03-03,Smith Stan,0001913199,,True,False,Common Stock,2025-03-03,P,Open-market purchase,OPEN_MARKET_PURCHASE,True,False,False,25000.0,1.5,37500.0,1205060.0,I,See Footnote
MAIA,0001878313,0001127602-25-008322,2025-03-05,2025-02-24,Smith Stan,0001913199,,True,False,Common Stock,2025-02-24,P,Open-market purchase,OPEN_MARKET_PURCHASE,True,False,False,50000.0,1.5,75000.0,1180060.0,I,See Footnote
MAIA,0001878313,0001127602-25-008317,2025-03-05,2025-02-24,Guerrero Ramiro,0001913253,,True,False,Common Stock,2025-02-24,P,Open-market purchase,OPEN_MARKET_PURCHASE,True,False,False,73333.0,1.5,109999.5,534885.04,D,
MAIA,0001878313,0001127602-25-006578,2025-02-25,2025-02-24,Guerrero Ramiro,0001913253,,True,False,Common Stock,2025-02-24,P,Open-market purchase,OPEN_MARKET_PURCHASE,True,False,False,73333.0,1.5,109999.5,534885.0,D,
MAIA,0001878313,0001127602-25-006574,2025-02-25,2025-02-24,Smith Stan,0001913199,,True,False,Common Stock,2025-02-24,P,Open-market purchase,OPEN_MARKET_PURCHASE,True,False,False,50000.0,1.5,75000.0,1180060.0,I,See Footnote
MAIA,0001878313,0001127602-24-029383,2024-12-13,2024-12-13,Smith Stan,0001913199,,True,False,Common Stock,2024-12-13,P,Open-market purchase,OPEN_MARKET_PURCHASE,True,False,False,25000.0,1.872,46800.0,1130060.0,I,See Footnote
MAIA,0001878313,0001127602-24-029380,2024-12-13,2024-12-13,Guerrero Ramiro,0001913253,,True,False,Common Stock,2024-12-13,P,Open-market purchase,OPEN_MARKET_PURCHASE,True,False,False,53418.0,1.872,99998.496,514970.0,D,
MAIA,0001878313,0001127602-24-026386,2024-11-04,2024-11-01,Luput Cristian,0001913350,,True,False,Common Stock,2024-11-01,P,Open-market purchase,OPEN_MARKET_PURCHASE,True,False,False,22133.0,2.51,55553.829999999994,389483.0,D,
MAIA,0001878313,0001127602-24-026383,2024-11-04,2024-11-01,CHAOUKI STEVEN M,0001776865,,True,False,Common Stock,2024-11-01,P,Open-market purchase,OPEN_MARKET_PURCHASE,True,False,False,22133.0,2.51,55553.829999999994,111024.0,D,
MAIA,0001878313,0001127602-24-026380,2024-11-04,2024-11-01,Guerrero Ramiro,0001913253,,True,False,Common Stock,2024-11-01,P,Open-market purchase,OPEN_MARKET_PURCHASE,True,False,False,88534.0,2.51,222220.33999999997,408134.04,D,
MAIA,0001878313,0001127602-24-026376,2024-11-04,2024-11-01,Smith Stan,0001913199,,True,False,Common Stock,2024-11-01,P,Open-market purchase,OPEN_MARKET_PURCHASE,True,False,False,100000.0,2.51,250999.99999999997,957568.0,I,See Footnote
MAIA,0001878313,0001127602-24-013490,2024-04-26,2024-04-25,Louie Ngar Yee,0001913264,,True,False,Common Stock,2024-04-25,P,Open-market purchase,OPEN_MARKET_PURCHASE,True,False,False,19665.0,2.03,39919.95,1167189.0,D,
MAIA,0001878313,0001127602-24-013488,2024-04-26,2024-04-25,Smith Stan,0001913199,,True,False,Common Stock,2024-04-25,P,Open-market purchase,OPEN_MARKET_PURCHASE,True,False,False,147492.0,2.03,299408.75999999995,1005060.0,I,See Footnote
MAIA,0001878313,0001127602-24-010489,2024-03-18,2024-03-14,CHAOUKI STEVEN M,0001776865,,True,False,Common Stock,2024-03-14,P,Open-market purchase,OPEN_MARKET_PURCHASE,True,False,False,34641.0,1.17,40529.97,88891.0,D,
MAIA,0001878313,0001127602-24-010327,2024-03-15,2024-03-14,Smith Stan,0001913199,,True,False,Common Stock,2024-03-14,P,Open-market purchase,OPEN_MARKET_PURCHASE,True,False,False,170940.0,1.17,199999.8,857568.0,I,See Footnote
MAIA,0001878313,0001127602-24-010325,2024-03-15,2024-03-14,Louie Ngar Yee,0001913264,,True,False,Common Stock,2024-03-14,P,Open-market purchase,OPEN_MARKET_PURCHASE,True,False,False,170940.0,1.17,199999.8,1147524.0,D,
MAIA,0001878313,0001127602-24-010323,2024-03-15,2024-03-14,Luput Cristian,0001913350,,True,False,Common Stock,2024-03-14,P,Open-market purchase,OPEN_MARKET_PURCHASE,True,False,False,69282.0,1.17,81059.94,367350.0,D,
MAIA,0001878313,0001127602-24-010320,2024-03-15,2024-03-14,Guerrero Ramiro,0001913253,,True,False,Common Stock,2024-03-14,P,Open-market purchase,OPEN_MARKET_PURCHASE,True,False,False,6928.0,1.17,8105.759999999999,319600.04,D,
MAIA,0001878313,0001127602-23-016379,2023-05-22,2023-05-18,Guerrero Ramiro,0001913253,,True,False,Common Stock,2023-05-18,P,Open-market purchase,OPEN_MARKET_PURCHASE,True,False,False,1200.0,2.47,2964.0000000000005,312672.04,D,
MAIA,0001878313,0001127602-23-015796,2023-05-17,2023-05-15,Luput Cristian,0001913350,,True,False,Common Stock,2023-05-15,P,Open-market purchase,OPEN_MARKET_PURCHASE,True,False,False,3000.0,2.63,7890.0,298068.0,D,
MAIA,0001878313,0001127602-23-013819,2023-05-01,2023-04-28,Vitoc Vlad,0001913257,Chief Executive Officer,True,True,Common Stock,2023-04-28,P,Open-market purchase,OPEN_MARKET_PURCHASE,True,False,False,4000.0,2.5,10000.0,809121.0,D,
MAIA,0001878313,0001127602-23-013714,2023-04-28,2023-04-27,MCGUIRE JOSEPH F,0001243988,Chief Financial Officer,False,False,Common Stock,2023-04-27,P,Open-market purchase,OPEN_MARKET_PURCHASE,True,False,False,4400.0,2.25,9900.0,9400.0,D,
MAIA,0001878313,0001127602-23-013712,2023-04-28,2023-04-27,Guerrero Ramiro,0001913253,,True,False,Common Stock,2023-04-27,P,Open-market purchase,OPEN_MARKET_PURCHASE,True,False,False,8500.0,2.25,19125.0,311472.04,D,
MAIA,0001878313,0001127602-23-013710,2023-04-28,2023-04-27,Louie Ngar Yee,0001913264,,True,False,Common Stock,2023-04-27,P,Open-market purchase,OPEN_MARKET_PURCHASE,True,False,False,48000.0,2.25,108000.0,976584.0,D,
MAIA,0001878313,0001127602-23-013708,2023-04-28,2023-04-27,Smith Stan,0001913199,,True,False,Common Stock,2023-04-27,P,Open-market purchase,OPEN_MARKET_PURCHASE,True,False,False,133300.0,2.25,299925.0,686628.0,I,See Footnote
MAIA,0001878313,0001127602-23-013327,2023-04-21,2023-04-20,Smith Stan,0001913199,,True,False,Common Stock,2023-04-20,P,Open-market purchase,OPEN_MARKET_PURCHASE,True,False,False,10000.0,3.74,37400.0,553328.0,I,See Footnote
MAIA,0001878313,0001127602-23-013177,2023-04-19,2023-04-18,Guerrero Ramiro,0001913253,,True,False,Common Stock,2023-04-18,P,Open-market purchase,OPEN_MARKET_PURCHASE,True,False,False,1263.0,4.17,5266.71,302972.04,D,
MAIA,0001878313,0001127602-23-013028,2023-04-18,2023-04-17,Luput Cristian,0001913350,,True,False,Common Stock,2023-04-17,P,Open-market purchase,OPEN_MARKET_PURCHASE,True,False,False,1576.0,3.69,5815.44,295068.0,D,
MAIA,0001878313,0001127602-23-012944,2023-04-17,2023-04-13,Luput Cristian,0001913350,,True,False,Common Stock,2023-04-13,P,Open-market purchase,OPEN_MARKET_PURCHASE,True,False,False,622.0,3.62,2251.64,292690.0,D,
MAIA,0001878313,0001127602-23-012944,2023-04-17,2023-04-13,Luput Cristian,0001913350,,True,False,Common Stock,2023-04-14,P,Open-market purchase,OPEN_MARKET_PURCHASE,True,False,False,802.0,3.58,2871.16,293492.0,D,
MAIA,0001878313,0001127602-23-012463,2023-04-05,2023-04-03,Vitoc Vlad,0001913257,Chief Executive Officer,True,True,Common Stock,2023-04-03,P,Open-market purchase,OPEN_MARKET_PURCHASE,True,False,False,1375.0,3.5,4812.5,804196.0,D,
MAIA,0001878313,0001127602-23-012463,2023-04-05,2023-04-03,Vitoc Vlad,0001913257,Chief Executive Officer,True,True,Common Stock,2023-04-04,P,Open-market purchase,OPEN_MARKET_PURCHASE,True,False,False,925.0,3.56,3293.0,805121.0,D,
MAIA,0001878313,0001127602-23-011737,2023-04-03,2023-03-30,Vitoc Vlad,0001913257,Chief Executive Officer,True,True,Common Stock,2023-03-30,P,Open-market purchase,OPEN_MARKET_PURCHASE,True,False,False,205.0,3.43,703.15,801326.0,D,
MAIA,0001878313,0001127602-23-011737,2023-04-03,2023-03-30,Vitoc Vlad,0001913257,Chief Executive Officer,True,True,Common Stock,2023-03-31,P,Open-market purchase,OPEN_MARKET_PURCHASE,True,False,False,1495.0,3.46,5172.7,802821.0,D,
MAIA,0001878313,0001127602-23-011434,2023-03-28,2023-03-24,Smith Stan,0001913199,,True,False,Common Stock,2023-03-24,P,Open-market purchase,OPEN_MARKET_PURCHASE,True,False,False,938.0,3.49,3273.6200000000003,543328.0,I,See Footnote
MAIA,0001878313,0001127602-23-011265,2023-03-24,2023-03-22,Smith Stan,0001913199,,True,False,Common Stock,2023-03-22,P,Open-market purchase,OPEN_MARKET_PURCHASE,True,False,False,1458.0,3.18,4636.4400000000005,540528.0,I,See Footnote
MAIA,0001878313,0001127602-23-011265,2023-03-24,2023-03-22,Smith Stan,0001913199,,True,False,Common Stock,2023-03-23,P,Open-market purchase,OPEN_MARKET_PURCHASE,True,False,False,1862.0,3.43,6386.66,542390.0,I,See Footnote
MAIA,0001878313,0001127602-23-010968,2023-03-22,2023-03-20,Smith Stan,0001913199,,True,False,Common Stock,2023-03-20,P,Open-market purchase,OPEN_MARKET_PURCHASE,True,False,False,3006.0,3.28,9859.68,536334.0,I,See Footnote
MAIA,0001878313,0001127602-23-010968,2023-03-22,2023-03-20,Smith Stan,0001913199,,True,False,Common Stock,2023-03-21,P,Open-market purchase,OPEN_MARKET_PURCHASE,True,False,False,2736.0,3.17,8673.119999999999,539070.0,I,See Footnote
MAIA,0001878313,0001127602-23-010853,2023-03-20,2023-03-16,Guerrero Ramiro,0001913253,,True,False,Common Stock,2023-03-16,P,Open-market purchase,OPEN_MARKET_PURCHASE,True,False,False,1333.0,3.64,4852.12,301709.04,D,
MAIA,0001878313,0001127602-23-009989,2023-03-14,2023-03-10,Luput Cristian,0001913350,,True,False,Common Stock,2023-03-10,P,Open-market purchase,OPEN_MARKET_PURCHASE,True,False,False,5382.0,3.99,21474.18,289068.0,D,
MAIA,0001878313,0001127602-23-009989,2023-03-14,2023-03-10,Luput Cristian,0001913350,,True,False,Common Stock,2023-03-13,P,Open-market purchase,OPEN_MARKET_PURCHASE,True,False,False,3000.0,4.07,12210.0,292068.0,D,
MAIA,0001878313,0001127602-23-009813,2023-03-13,2023-03-09,Guerrero Ramiro,0001913253,,True,False,Common Stock,2023-03-09,P,Open-market purchase,OPEN_MARKET_PURCHASE,True,False,False,1057.0,3.98,4206.86,299933.04,D,
MAIA,0001878313,0001127602-23-009813,2023-03-13,2023-03-09,Guerrero Ramiro,0001913253,,True,False,Common Stock,2023-03-10,P,Open-market purchase,OPEN_MARKET_PURCHASE,True,False,False,443.0,3.98,1763.14,300376.04,D,
MAIA,0001878313,0001127602-23-009811,2023-03-13,2023-03-09,Smith Stan,0001913199,,True,False,Common Stock,2023-03-09,P,Open-market purchase,OPEN_MARKET_PURCHASE,True,False,False,3582.0,4.03,14435.460000000001,533328.0,I,See Footnote
MAIA,0001878313,0001127602-23-009696,2023-03-10,2023-03-08,Luput Cristian,0001913350,,True,False,Common Stock,2023-03-08,P,Open-market purchase,OPEN_MARKET_PURCHASE,True,False,False,627.0,4.22,2645.94,281572.0,D,
MAIA,0001878313,0001127602-23-009696,2023-03-10,2023-03-08,Luput Cristian,0001913350,,True,False,Common Stock,2023-03-09,P,Open-market purchase,OPEN_MARKET_PURCHASE,True,False,False,2114.0,3.98,8413.72,283686.0,D,
MAIA,0001878313,0001127602-23-009534,2023-03-09,2023-03-07,Smith Stan,0001913199,,True,False,Common Stock,2023-03-07,P,Open-market purchase,OPEN_MARKET_PURCHASE,True,False,False,1961.0,4.23,8295.03,526670.0,I,See Footnote
MAIA,0001878313,0001127602-23-009534,2023-03-09,2023-03-07,Smith Stan,0001913199,,True,False,Common Stock,2023-03-08,P,Open-market purchase,OPEN_MARKET_PURCHASE,True,False,False,3076.0,4.2,12919.2,529746.0,I,See Footnote
MAIA,0001878313,0001127602-23-009532,2023-03-09,2023-03-08,Vitoc Vlad,0001913257,Chief Executive Officer,True,True,Common Stock,2023-03-08,P,Open-market purchase,OPEN_MARKET_PURCHASE,True,False,False,1581.0,4.21,6656.01,801121.0,D,
MAIA,0001878313,0001127602-23-009395,2023-03-08,2023-03-06,Luput Cristian,0001913350,,True,False,Common Stock,2023-03-06,P,Open-market purchase,OPEN_MARKET_PURCHASE,True,False,False,527.0,4.24,2234.48,279257.0,D,
MAIA,0001878313,0001127602-23-009395,2023-03-08,2023-03-06,Luput Cristian,0001913350,,True,False,Common Stock,2023-03-07,P,Open-market purchase,OPEN_MARKET_PURCHASE,True,False,False,1688.0,4.23,7140.240000000001,280945.0,D,
MAIA,0001878313,0001127602-23-009394,2023-03-08,2023-03-06,Guerrero Ramiro,0001913253,,True,False,Common Stock,2023-03-06,P,Open-market purchase,OPEN_MARKET_PURCHASE,True,False,False,481.0,4.24,2039.44,298005.04,D,
MAIA,0001878313,0001127602-23-009394,2023-03-08,2023-03-06,Guerrero Ramiro,0001913253,,True,False,Common Stock,2023-03-07,P,Open-market purchase,OPEN_MARKET_PURCHASE,True,False,False,871.0,4.25,3701.75,298876.04,D,
MAIA,0001878313,0001127602-23-009392,2023-03-08,2023-03-06,Vitoc Vlad,0001913257,Chief Executive Officer,True,True,Common Stock,2023-03-06,P,Open-market purchase,OPEN_MARKET_PURCHASE,True,False,False,544.0,4.24,2306.56,798101.0,D,
MAIA,0001878313,0001127602-23-009392,2023-03-08,2023-03-06,Vitoc Vlad,0001913257,Chief Executive Officer,True,True,Common Stock,2023-03-07,P,Open-market purchase,OPEN_MARKET_PURCHASE,True,False,False,1439.0,4.24,6101.360000000001,799540.0,D,
MAIA,0001878313,0001127602-23-009205,2023-03-07,2023-03-03,Smith Stan,0001913199,,True,False,Common Stock,2023-03-03,P,Open-market purchase,OPEN_MARKET_PURCHASE,True,False,False,2509.0,4.43,11114.869999999999,520115.0,I,See Footnote
MAIA,0001878313,0001127602-23-009205,2023-03-07,2023-03-03,Smith Stan,0001913199,,True,False,Common Stock,2023-03-06,P,Open-market purchase,OPEN_MARKET_PURCHASE,True,False,False,4594.0,4.39,20167.66,524709.0,I,See Footnote
MAIA,0001878313,0001127602-23-008972,2023-03-06,2023-03-02,Vitoc Vlad,0001913257,Chief Executive Officer,True,True,Common Stock,2023-03-02,P,Open-market purchase,OPEN_MARKET_PURCHASE,True,False,False,45.0,4.42,198.9,795159.0,D,
MAIA,0001878313,0001127602-23-008972,2023-03-06,2023-03-02,Vitoc Vlad,0001913257,Chief Executive Officer,True,True,Common Stock,2023-03-03,P,Open-market purchase,OPEN_MARKET_PURCHASE,True,False,False,2398.0,4.47,10719.06,797557.0,D,
MAIA,0001878313,0001127602-23-008532,2023-03-03,2023-03-01,Smith Stan,0001913199,,True,False,Common Stock,2023-03-01,P,Open-market purchase,OPEN_MARKET_PURCHASE,True,False,False,198.0,4.48,887.0400000000001,517583.0,I,See Footnote
MAIA,0001878313,0001127602-23-008532,2023-03-03,2023-03-01,Smith Stan,0001913199,,True,False,Common Stock,2023-03-02,P,Open-market purchase,OPEN_MARKET_PURCHASE,True,False,False,23.0,4.41,101.43,517606.0,I,See Footnote
MAIA,0001878313,0001127602-23-008066,2023-03-02,2023-02-28,Vitoc Vlad,0001913257,Chief Executive Officer,True,True,Common Stock,2023-02-28,P,Open-market purchase,OPEN_MARKET_PURCHASE,True,False,False,1275.0,4.49,5724.75,794832.0,D,
MAIA,0001878313,0001127602-23-008066,2023-03-02,2023-02-28,Vitoc Vlad,0001913257,Chief Executive Officer,True,True,Common Stock,2023-03-01,P,Open-market purchase,OPEN_MARKET_PURCHASE,True,False,False,282.0,4.48,1263.3600000000001,795114.0,D,
MAIA,0001878313,0001127602-23-007701,2023-03-01,2023-02-27,Smith Stan,0001913199,,True,False,Common Stock,2023-02-27,P,Open-market purchase,OPEN_MARKET_PURCHASE,True,False,False,219.0,4.47,978.93,515766.0,I,See Footnote
MAIA,0001878313,0001127602-23-007701,2023-03-01,2023-02-27,Smith Stan,0001913199,,True,False,Common Stock,2023-02-28,P,Open-market purchase,OPEN_MARKET_PURCHASE,True,False,False,1619.0,4.48,7253.120000000001,517385.0,I,See Footnote
MAIA,0001878313,0001127602-23-006606,2023-02-23,2023-02-21,Smith Stan,0001913199,,True,False,Common Stock,2023-02-21,P,Open-market purchase,OPEN_MARKET_PURCHASE,True,False,False,228.0,4.49,1023.72,514474.0,I,See Footnote
MAIA,0001878313,0001127602-23-006606,2023-02-23,2023-02-21,Smith Stan,0001913199,,True,False,Common Stock,2023-02-22,P,Open-market purchase,OPEN_MARKET_PURCHASE,True,False,False,1073.0,4.48,4807.040000000001,515547.0,I,See Footnote
MAIA,0001878313,0001127602-23-006340,2023-02-22,2023-02-17,Vitoc Vlad,0001913257,Chief Executive Officer,True,True,Common Stock,2023-02-17,P,Open-market purchase,OPEN_MARKET_PURCHASE,True,False,False,73.0,4.25,310.25,793557.0,D,
MAIA,0001878313,0001127602-23-006047,2023-02-21,2023-02-16,Smith Stan,0001913199,,True,False,Common Stock,2023-02-16,P,Open-market purchase,OPEN_MARKET_PURCHASE,True,False,False,62.0,4.25,263.5,514171.0,I,See Footnote
MAIA,0001878313,0001127602-23-006047,2023-02-21,2023-02-16,Smith Stan,0001913199,,True,False,Common Stock,2023-02-17,P,Open-market purchase,OPEN_MARKET_PURCHASE,True,False,False,75.0,4.25,318.75,514246.0,I,See Footnote
MAIA,0001878313,0001127602-23-006045,2023-02-21,2023-02-16,Guerrero Ramiro,0001913253,,True,False,Common Stock,2023-02-16,P,Open-market purchase,OPEN_MARKET_PURCHASE,True,False,False,10.0,4.25,42.5,297474.04,D,
MAIA,0001878313,0001127602-23-006045,2023-02-21,2023-02-16,Guerrero Ramiro,0001913253,,True,False,Common Stock,2023-02-17,P,Open-market purchase,OPEN_MARKET_PURCHASE,True,False,False,50.0,4.25,212.5,297524.04,D,
MAIA,0001878313,0001127602-23-006043,2023-02-21,2023-02-16,Luput Cristian,0001913350,,True,False,Common Stock,2023-02-16,P,Open-market purchase,OPEN_MARKET_PURCHASE,True,False,False,58.0,4.25,246.5,278654.0,D,
MAIA,0001878313,0001127602-23-006043,2023-02-21,2023-02-16,Luput Cristian,0001913350,,True,False,Common Stock,2023-02-17,P,Open-market purchase,OPEN_MARKET_PURCHASE,True,False,False,76.0,4.24,322.24,278730.0,D,
MAIA,0001878313,0001127602-23-005727,2023-02-17,2023-02-15,Vitoc Vlad,0001913257,Chief Executive Officer,True,True,Common Stock,2023-02-15,P,Open-market purchase,OPEN_MARKET_PURCHASE,True,False,False,10.0,4.25,42.5,793474.0,D,
MAIA,0001878313,0001127602-23-005727,2023-02-17,2023-02-15,Vitoc Vlad,0001913257,Chief Executive Officer,True,True,Common Stock,2023-02-16,P,Open-market purchase,OPEN_MARKET_PURCHASE,True,False,False,10.0,4.25,42.5,793484.0,D,
MAIA,0001878313,0001127602-23-005440,2023-02-16,2023-02-14,Smith Stan,0001913199,,True,False,Common Stock,2023-02-14,P,Open-market purchase,OPEN_MARKET_PURCHASE,True,False,False,198.0,4.25,841.5,514099.0,I,See Footnote
MAIA,0001878313,0001127602-23-005440,2023-02-16,2023-02-14,Smith Stan,0001913199,,True,False,Common Stock,2023-02-15,P,Open-market purchase,OPEN_MARKET_PURCHASE,True,False,False,10.0,4.25,42.5,514109.0,I,See Footnote
MAIA,0001878313,0001127602-23-005438,2023-02-16,2023-02-14,Luput Cristian,0001913350,,True,False,Common Stock,2023-02-14,P,Open-market purchase,OPEN_MARKET_PURCHASE,True,False,False,14.0,4.25,59.5,278586.0,D,
MAIA,0001878313,0001127602-23-005438,2023-02-16,2023-02-14,Luput Cristian,0001913350,,True,False,Common Stock,2023-02-15,P,Open-market purchase,OPEN_MARKET_PURCHASE,True,False,False,10.0,4.25,42.5,278596.0,D,
MAIA,0001878313,0001127602-23-005033,2023-02-14,2023-02-10,Vitoc Vlad,0001913257,Chief Executive Officer,True,True,Common Stock,2023-02-10,P,Open-market purchase,OPEN_MARKET_PURCHASE,True,False,False,343.0,4.24,1454.3200000000002,793464.0,D,
MAIA,0001878313,0001127602-23-005031,2023-02-14,2023-02-10,Smith Stan,0001913199,,True,False,Common Stock,2023-02-10,P,Open-market purchase,OPEN_MARKET_PURCHASE,True,False,False,337.0,4.25,1432.25,513901.0,I,See Footnote
MAIA,0001878313,0001127602-23-002395,2023-01-27,2023-01-25,Smith Stan,0001913199,,True,False,Common Stock,2023-01-25,P,Open-market purchase,OPEN_MARKET_PURCHASE,True,False,False,9.0,4.25,38.25,513337.0,I,See Footnote
MAIA,0001878313,0001127602-23-002395,2023-01-27,2023-01-25,Smith Stan,0001913199,,True,False,Common Stock,2023-01-26,P,Open-market purchase,OPEN_MARKET_PURCHASE,True,False,False,227.0,4.24,962.48,513564.0,I,See Footnote
MAIA,0001878313,0001127602-23-001508,2023-01-18,2023-01-13,Luput Cristian,0001913350,,True,False,Common Stock,2023-01-13,P,Open-market purchase,OPEN_MARKET_PURCHASE,True,False,False,504.0,3.88,1955.52,278572.0,D,
MAIA,0001878313,0001127602-23-001010,2023-01-06,2023-01-04,Vitoc Vlad,0001913257,Chief Executive Officer,True,True,Common Stock,2023-01-04,P,Open-market purchase,OPEN_MARKET_PURCHASE,True,False,False,1266.0,3.68,4658.88,793121.0,D,
MAIA,0001878313,0001127602-23-000224,2023-01-04,2022-12-30,Vitoc Vlad,0001913257,Chief Executive Officer,True,True,Common Stock,2022-12-30,P,Open-market purchase,OPEN_MARKET_PURCHASE,True,False,False,410.0,3.5,1435.0,789531.0,D,
MAIA,0001878313,0001127602-23-000224,2023-01-04,2022-12-30,Vitoc Vlad,0001913257,Chief Executive Officer,True,True,Common Stock,2023-01-03,P,Open-market purchase,OPEN_MARKET_PURCHASE,True,False,False,2324.0,3.64,8459.36,791855.0,D,
MAIA,0001878313,0001127602-23-000002,2023-01-03,2022-12-29,Smith Stan,0001913199,,True,False,Common Stock,2022-12-29,P,Open-market purchase,OPEN_MARKET_PURCHASE,True,False,False,1471.0,3.49,5133.79,512828.0,I,See Footnote
MAIA,0001878313,0001127602-23-000002,2023-01-03,2022-12-29,Smith Stan,0001913199,,True,False,Common Stock,2022-12-30,P,Open-market purchase,OPEN_MARKET_PURCHASE,True,False,False,500.0,3.5,1750.0,513328.0,I,See Footnote
MAIA,0001878313,0001127602-22-028331,2022-12-29,2022-12-27,Smith Stan,0001913199,,True,False,Common Stock,2022-12-27,P,Open-market purchase,OPEN_MARKET_PURCHASE,True,False,False,604.0,3.38,2041.52,510091.0,I,See Footnote
MAIA,0001878313,0001127602-22-028331,2022-12-29,2022-12-27,Smith Stan,0001913199,,True,False,Common Stock,2022-12-28,P,Open-market purchase,OPEN_MARKET_PURCHASE,True,False,False,1266.0,3.41,4317.06,511357.0,I,See Footnote
MAIA,0001878313,0001127602-22-028285,2022-12-27,2022-12-22,Smith Stan,0001913199,,True,False,Common Stock,2022-12-22,P,Open-market purchase,OPEN_MARKET_PURCHASE,True,False,False,731.0,3.34,2441.54,508506.0,I,See Footnote
MAIA,0001878313,0001127602-22-028285,2022-12-27,2022-12-22,Smith Stan,0001913199,,True,False,Common Stock,2022-12-23,P,Open-market purchase,OPEN_MARKET_PURCHASE,True,False,False,981.0,3.45,3384.4500000000003,509487.0,I,See Footnote
MAIA,0001878313,0001127602-22-028136,2022-12-22,2022-12-20,Smith Stan,0001913199,,True,False,Common Stock,2022-12-20,P,Open-market purchase,OPEN_MARKET_PURCHASE,True,False,False,4048.0,3.53,14289.439999999999,507376.0,I,See Footnote
MAIA,0001878313,0001127602-22-028136,2022-12-22,2022-12-20,Smith Stan,0001913199,,True,False,Common Stock,2022-12-21,P,Open-market purchase,OPEN_MARKET_PURCHASE,True,False,False,399.0,3.43,1368.5700000000002,507775.0,I,See Footnote
MAIA,0001878313,0001127602-22-027093,2022-12-08,2022-12-07,Gryaznov Sergei,0001913228,Chief Scientific Officer,False,False,Common Stock,2022-12-07,M,Option exercise,OPTION_EXERCISE,False,False,False,10000.0,1.83,18300.0,44511.0,D,
MAIA,0001878313,0001127602-22-026326,2022-11-23,2022-08-01,Vitoc Vlad,0001913257,Chief Executive Officer,True,True,Common Stock,2022-08-01,P,Open-market purchase,OPEN_MARKET_PURCHASE,True,False,False,6000.0,5.0,30000.0,789121.0,D,
MAIA,0001878313,0001127602-22-026326,2022-11-23,2022-08-01,Vitoc Vlad,0001913257,Chief Executive Officer,True,True,Common Stock,2022-08-01,P,Open-market purchase,OPEN_MARKET_PURCHASE,True,False,False,10000.0,5.0,50000.0,210000.0,I,See Footnote
MAIA,0001878313,0001127602-22-022401,2022-09-13,2022-09-13,Guerrero Ramiro,0001913253,,True,False,Common Stock,2022-09-13,P,Open-market purchase,OPEN_MARKET_PURCHASE,True,False,False,8798.73,3.85,33875.1105,297464.04,D,
MAIA,0001878313,0001127602-22-021869,2022-09-01,2022-08-30,Guerrero Ramiro,0001913253,,True,False,Common Stock,2022-08-30,P,Open-market purchase,OPEN_MARKET_PURCHASE,True,False,False,283.31,3.97,1124.7407,288665.31,D,
MAIA,0001878313,0000899243-22-029752,2022-08-25,2022-08-24,Gryaznov Sergei,0001913228,Chief Scientific Officer,False,False,Common Stock,2022-08-24,M,Option exercise,OPTION_EXERCISE,False,False,False,10000.0,1.8,18000.0,34511.0,D,
MAIA,0001878313,0000899243-22-027462,2022-08-02,2022-08-01,Smith Stan,0001913199,,True,False,Common Stock,2022-08-01,P,Open-market purchase,OPEN_MARKET_PURCHASE,True,False,False,200000.0,5.0,1000000.0,496128.0,I,See Footnote
MAIA,0001878313,0000899243-22-027462,2022-08-02,2022-08-01,Smith Stan,0001913199,,True,False,Common Stock,2022-08-01,J,Other,OTHER_OR_UNCLASSIFIED,False,False,False,7200.0,,,503328.0,I,See Footnote
MAIA,0001878313,0000899243-22-027461,2022-08-02,2022-08-01,Louie Ngar Yee,0001913264,,True,False,Common Stock,2022-08-01,P,Open-market purchase,OPEN_MARKET_PURCHASE,True,False,False,20000.0,5.0,100000.0,928584.0,D,
MAIA,0001878313,0000899243-22-027459,2022-08-02,2022-08-01,Obrocea Mihail,0001913265,Chief Medical Officer,False,False,Common Stock,2022-08-01,P,Open-market purchase,OPEN_MARKET_PURCHASE,True,False,False,1000.0,5.0,5000.0,27100.0,D,
MAIA,0001878313,0000899243-22-027456,2022-08-02,2022-08-01,CHAOUKI STEVEN M,0001776865,,True,False,Common Stock,2022-08-01,P,Open-market purchase,OPEN_MARKET_PURCHASE,True,False,False,5000.0,5.0,25000.0,46250.0,D,
MAIA,0001878313,0000899243-22-027456,2022-08-02,2022-08-01,CHAOUKI STEVEN M,0001776865,,True,False,Common Stock,2022-08-01,J,Other,OTHER_OR_UNCLASSIFIED,False,False,False,8000.0,,,54250.0,D,
MAIA,0001878313,0000899243-22-027455,2022-08-02,2022-08-01,Gryaznov Sergei,0001913228,Chief Scientific Officer,False,False,Common Stock,2022-08-01,P,Open-market purchase,OPEN_MARKET_PURCHASE,True,False,False,3000.0,5.0,15000.0,24511.0,D,
MAIA,0001878313,0000899243-22-027454,2022-08-02,2022-08-01,Vitoc Vlad,0001913257,Chief Executive Officer,True,True,Common Stock,2022-08-01,P,Open-market purchase,OPEN_MARKET_PURCHASE,True,False,False,6000.0,5.0,30000.0,789121.0,D,
MAIA,0001878313,0000899243-22-027453,2022-08-02,2022-08-01,MCGUIRE JOSEPH F,0001243988,Chief Financial Officer,False,False,Common Stock,2022-08-01,P,Open-market purchase,OPEN_MARKET_PURCHASE,True,False,False,5000.0,5.0,25000.0,5000.0,D,
MAIA,0001878313,0000899243-22-027452,2022-08-02,2022-08-01,Luput Cristian,0001913350,,True,False,Common Stock,2022-08-01,P,Open-market purchase,OPEN_MARKET_PURCHASE,True,False,False,500.0,5.0,2500.0,278068.0,D,
MAIA,0001878313,0000899243-22-027451,2022-08-02,2022-08-01,Vlad Laurentiu,0001913254,,True,False,Common Stock,2022-08-01,P,Open-market purchase,OPEN_MARKET_PURCHASE,True,False,False,5000.0,5.0,25000.0,376933.0,D,
MAIA,0001878313,0000899243-22-027444,2022-08-02,2022-07-28,Guerrero Ramiro,0001913253,,True,False,Common Stock,2022-07-28,P,Open-market purchase,OPEN_MARKET_PURCHASE,True,False,False,9000.0,4.0,36000.0,268382.0,D,
MAIA,0001878313,0000899243-22-027444,2022-08-02,2022-07-28,Guerrero Ramiro,0001913253,,True,False,Common Stock,2022-08-01,P,Open-market purchase,OPEN_MARKET_PURCHASE,True,False,False,20000.0,5.0,100000.0,288382.0,D,
